Num,Amino_acid,Prediction
1,W,1
2,V,0.192546584
3,L,0.124223602
4,A,0
5,G,0.50931677
6,G,0.360248447
7,V,0.49068323
8,L,0.304347826
9,A,0.248447205
10,A,0.204968944
11,V,0.322981366
12,A,0.51552795
13,A,0.118012422
14,Y,0.366459627
15,C,0.385093168
16,L,0.801242236
