Num,Amino_acid,Prediction
1,A,0.368794326
2,T,0.354609929
3,I,1
4,I,0.617021277
5,L,0.439716312
6,S,0.638297872
7,T,0
8,F,0.432624113
9,L,0.319148936
10,L,0.340425532
11,I,0.113475177
12,G,0.241134752
13,W,0.843971631
14,V,0.19858156
15,A,0.205673759
16,F,0.709219858
17,I,0.65248227
18,I,0.553191489
19,T,0.645390071
20,Y,0.957446809
