Num,Amino_acid,Prediction
1,V,0.806930693
2,L,0.420792079
3,L,0.638613861
4,S,1
5,V,0.485148515
6,M,0
7,G,0.707920792
8,A,0.930693069
9,I,0.158415842
10,L,0.321782178
11,L,0.004950495
12,I,0.188118812
13,G,0.821782178
14,L,0.514851485
15,A,0.653465347
16,A,0.252475248
17,L,0.816831683
18,L,0.371287129
