Num,Amino_acid,Prediction
1,L,0.577639752
2,L,0.409937888
3,F,0.310559006
4,Y,0.310559006
5,V,0.149068323
6,I,0.559006211
7,F,0.273291925
8,Y,0.372670807
9,G,0.683229814
10,C,0.49689441
11,L,0.130434783
12,A,0.571428571
13,G,0.614906832
14,I,0.658385093
15,F,0.329192547
16,I,0.857142857
17,G,0.900621118
18,T,0
19,I,0.465838509
20,Q,0.397515528
21,V,0.49068323
22,M,0.416149068
23,L,1
24,L,0.409937888
25,T,0.192546584
26,I,0.409937888
