Num,Amino_acid,Prediction
1,W,0.960992908
2,V,0.503546099
3,L,0.187943262
4,V,0.195035461
5,G,0.528368794
6,V,0.464539007
7,L,0.113475177
8,G,0.475177305
9,G,0.496453901
10,L,0.40070922
11,L,0.127659574
12,L,0.184397163
13,L,0.517730496
14,T,0.407801418
15,I,0
16,L,0.262411348
17,V,0.365248227
18,L,0.936170213
19,A,0.258865248
20,M,0.854609929
21,W,1
