Num,Amino_acid,Prediction
1,S,0
2,V,0.597883598
3,F,0.523809524
4,F,0.814814815
5,V,0.740740741
6,G,1
7,A,0.201058201
8,I,0.71957672
9,A,0.338624339
10,A,0.502645503
11,M,0.587301587
