Num,Amino_acid,Prediction
1,T,0.279352227
2,L,0.67611336
3,L,0.218623482
4,L,0.279352227
5,L,0.744939271
6,A,0.874493927
7,I,0.983805668
8,L,0.449392713
9,V,1
10,W,0.275303644
11,L,0.097165992
12,Q,0.740890688
13,Y,0.157894737
14,S,0.55465587
15,L,0
16,W,0.178137652
17,F,0.105263158
