Num,Amino_acid,Prediction
1,G,0.244274809
2,A,0.259541985
3,L,0.297709924
4,A,0.030534351
5,A,0.286259542
6,Q,0.244274809
7,L,0.145038168
8,A,0.683206107
9,L,0
10,L,0.908396947
11,G,0.515267176
12,L,0.270992366
13,G,1
14,L,0.557251908
15,L,0.522900763
16,H,0.641221374
17,A,0.790076336
18,L,0.236641221
19,L,0.614503817
20,L,0.301526718
