Num,Amino_acid,Prediction
1,L,0.271929825
2,T,0.561403509
3,L,0.271929825
4,S,0.657894737
5,L,0.048245614
6,I,0.377192982
7,L,1
8,V,0.460526316
9,L,0.98245614
10,I,0.679824561
11,S,0.24122807
12,L,0.679824561
13,L,0.872807018
14,L,0.206140351
15,T,0.649122807
16,V,0.460526316
17,L,0.096491228
18,A,0
19,L,0.197368421
20,L,0.052631579
