Num,Amino_acid,Prediction
1,I,0.617117117
2,I,0.211711712
3,P,1
4,L,0.072072072
5,I,0.427927928
6,V,0.292792793
7,V,0.445945946
8,S,0.405405405
9,A,0.702702703
10,L,0.247747748
11,T,0.36036036
12,F,0.81981982
13,V,0.644144144
14,C,0
15,L,0.423423423
16,I,0.387387387
17,L,0.058558559
18,L,0.369369369
19,I,0.346846847
20,A,0.373873874
21,V,0.486486486
22,L,0.148648649
23,V,0.653153153
