Num,Amino_acid,Prediction
1,Y,0.333333333
2,G,0.369369369
3,V,0.318318318
4,V,0.567567568
5,L,0.546546547
6,G,0
7,A,0.375375375
8,V,0.438438438
9,I,0.393393393
10,G,0.978978979
11,G,0.369369369
12,V,0.516516517
13,L,0.597597598
14,G,0.483483483
15,V,0.195195195
16,V,0.564564565
17,L,1
18,L,0.111111111
19,L,0.39039039
20,L,0.063063063
21,L,0.633633634
22,L,0.324324324
23,F,0.066066066
24,Y,0.486486486
25,V,0.513513514
26,V,0.231231231
