Num,Amino_acid,Prediction
1,L,0.816964286
2,I,0.691964286
3,L,0.758928571
4,A,0.441964286
5,V,0.964285714
6,V,0.196428571
7,G,0.897321429
8,S,0.3125
9,V,0.008928571
10,S,0.232142857
11,A,0.200892857
12,T,0.674107143
13,C,1
14,L,0.174107143
15,T,0.147321429
16,I,0.142857143
17,L,0.022321429
18,A,0
19,A,0.196428571
20,L,0.424107143
21,L,0.089285714
22,T,0.558035714
23,L,0.263392857
24,V,0.392857143
