Num,Amino_acid,Prediction
1,I,0.793103448
2,L,0
3,G,1
4,V,0.637931034
5,I,0.652298851
6,C,0.787356322
7,A,0.718390805
8,I,0.755747126
9,I,0.545977011
10,L,0.767241379
11,I,0.867816092
12,I,0.727011494
13,I,0.540229885
14,I,0.882183908
15,V,0.629310345
16,Y,0.448275862
17,F,0.290229885
