Num,Amino_acid,Prediction
1,I,0.069518717
2,L,0.085561497
3,I,0.294117647
4,G,0.042780749
5,C,0.165775401
6,L,0.272727273
7,V,0.22459893
8,A,0.016042781
9,I,0.465240642
10,I,0.326203209
11,L,0.695187166
12,L,0.256684492
13,L,0.197860963
14,L,0
15,L,0.187165775
16,I,0.427807487
17,I,0.524064171
18,A,1
19,L,0.042780749
20,M,0.144385027
21,L,0.465240642
