Num,Amino_acid,Prediction
1,I,0.217391304
2,S,0.371541502
3,V,0.442687747
4,L,0.308300395
5,A,0.660079051
6,I,0.185770751
7,L,0.256916996
8,S,0.019762846
9,T,0.268774704
10,L,0.14229249
11,L,0.308300395
12,I,0.249011858
13,G,0.458498024
14,L,0
15,L,0.043478261
16,L,0.264822134
17,V,0.241106719
18,T,0.782608696
19,L,1
20,I,0.830039526
21,I,0.735177866
