Num,Amino_acid,Prediction
1,V,0.542944785
2,G,0.331288344
3,W,0.552147239
4,M,0.196319018
5,A,0.226993865
6,A,0.012269939
7,G,0.251533742
8,L,0.365030675
9,M,0.104294479
10,I,0.236196319
11,G,0.585889571
12,A,0.251533742
13,G,1
14,A,0.251533742
15,C,0.40797546
16,Y,0
17,C,0.31595092
18,V,0.236196319
