Num,Amino_acid,Prediction
1,L,0.741525424
2,I,0.36440678
3,L,0.351694915
4,G,0.826271186
5,I,0.63559322
6,C,0.025423729
7,A,0.43220339
8,G,0.783898305
9,G,0.402542373
10,L,0
11,A,0.415254237
12,V,0.495762712
13,L,0.25
14,I,0.389830508
15,L,0.139830508
16,L,0.110169492
17,L,0.216101695
18,G,0.275423729
19,A,0.36440678
20,I,0.139830508
21,I,0.110169492
22,V,0.398305085
23,I,1
24,I,0.487288136
