Num,Amino_acid,Prediction
1,V,0.629310345
2,L,0.711206897
3,L,0.637931034
4,G,0.349137931
5,A,1
6,V,0.176724138
7,G,0.297413793
8,G,0.806034483
9,A,0.36637931
10,G,0.560344828
11,A,0.193965517
12,T,0.034482759
13,A,0.909482759
14,L,0.405172414
15,V,0.030172414
16,F,0.168103448
17,L,0
18,S,0.262931034
19,F,0.732758621
20,C,0.551724138
